numberOneAfterAnother,identifierForm,perelikDodatkiv,nameForm,documetRegulates,typePayer,termPresentation,accountingPeriod
1,J0100129,"J0110329, J0110629, J0111329, J0111429, J0111529, J0111629, J0111729, J0111829, J0112029, J0112829, J0114429, J0114829, J0114929, J0115029, J0115929, J0116029",Податкова декларація з податку на прибуток підприємств (з додатками),"Наказ Міністерства фінансів України від 2015-10-20 № 897 ""Про затвердження форми Податкової декларації з податку на прибуток підприємств"", зареєстрований в Міністерстві юстиції України 2015-11-11 за № 1415/27860, у редакції наказу Міністерства фінансів України від 2023-02-20 № 101 (із змінами, внесеними наказом Міністерства фінансів України від 2025-07-25 № 371)",Ю,"щоквартально протягом 40 днів, що настають за останнім календарним днем звітного (податкового) кварталу, півріччя, трьох кварталів; щорічно протягом 60 днів що настають за останнім календарним днем звітного (податкового) року","І квартал, півріччя, три квартали, рік"
2,J0100130,"J0110330, J0110630, J0111330, J0111430, J0111530, J0111630, J0111730, J0111830, J0112030, J0112830, J0114430, J0114830, J0114930, J0115030, J0115930, J0116030",Податкова декларація з податку на прибуток підприємств (з додатками) (проєкт для розробників),"Наказ Міністерства фінансів України від 2015-10-20 № 897 ""Про затвердження форми Податкової декларації з податку на прибуток підприємств"", зареєстрований в Міністерстві юстиції України 2015-11-11 за № 1415/27860, у редакції наказу Міністерства фінансів України від 2023-02-20 № 101 (із змінами, внесеними наказом Міністерства фінансів України від 2026-04-06 № 186)",Ю,"щоквартально протягом 40 днів, що настають за останнім календарним днем звітного (податкового) кварталу, півріччя, трьох кварталів; щорічно протягом 60 днів що настають за останнім календарним днем звітного (податкового) року","І квартал, півріччя, три квартали, рік"
3,J0100529,"J0150329, J0150629, J0151329, J0151429, J0151529, J0151629, J0151729, J0151829, J0152029, J0152829, J0154429, J0154829, J0154929, J0156029",Податкова декларація з податку на прибуток підприємств (для виробників сільськогосподарської продукції),"Наказ Міністерства фінансів України від 2015-10-20 № 897 ""Про затвердження форми Податкової декларації з податку на прибуток підприємств"", зареєстрований в Міністерстві юстиції України 2015-11-11 за № 1415/27860, у редакції наказу Міністерства фінансів України від 2023-02-20 № 101 (із змінами, внесеними наказом Міністерства фінансів України від 2025-07-25 № 371)",Ю,"податковий (звітний) період починається з 01 липня минулого звітного року і закінчується 30 червня поточного звітного року, наприклад, для звітного 2023 року з 2023-07-01 по 2024-06-30 з граничним строком 2024-08-30",рік річний податковий (звітний) період починається з 1 липня минулого звітного року і закінчується 30 червня поточного звітного року
4,J0100530,"J0150330, J0150630, J0151330, J0151430, J0151530, J0151630, J0151730, J0151830, J0152030, J0152830, J0154430, J0154830, J0154930, J0156030",Податкова декларація з податку на прибуток підприємств (для виробників сільськогосподарської продукції) (проєкт для розробників),"Наказ Міністерства фінансів України від 2015-10-20 № 897 ""Про затвердження форми Податкової декларації з податку на прибуток підприємств"", зареєстрований в Міністерстві юстиції України 2015-11-11 за № 1415/27860, у редакції наказу Міністерства фінансів України від 2023-02-20 № 101 (із змінами, внесеними наказом Міністерства фінансів України від 2026-04-06 № 186)",Ю,"податковий (звітний) період починається з 01 липня минулого звітного року і закінчується 30 червня поточного звітного року, наприклад, для звітного 2023 року з 2023-07-01 по 2024-06-30 з граничним строком 2024-08-30",рік річний податковий (звітний) період починається з 1 липня минулого звітного року і закінчується 30 червня поточного звітного року
5,J0100929,"J0190329, J0190629, J0191329, J0191429, J0191529, J0191629, J0191729, J0191829, J0192029, J0192829, J0194429, J0194829, J0194929, J0196029",Податкова декларація з податку на прибуток підприємств (для інститутів спільного інвестування),"Наказ Міністерства фінансів України від 2015-10-20 № 897 ""Про затвердження форми Податкової декларації з податку на прибуток підприємств"", зареєстрований в Міністерстві юстиції України 2015-11-11 за № 1415/27860, у редакції наказу Міністерства фінансів України від 2023-02-20 № 101 (із змінами, внесеними наказом Міністерства фінансів України від 2025-07-25 № 371)",Ю,"щоквартально протягом 40 днів, що настають за останнім календарним днем звітного (податкового) кварталу, півріччя, трьох кварталів; щорічно протягом 60 днів що настають за останнім календарним днем звітного (податкового) року","І квартал, півріччя, три квартали, рік"
6,J0100930,"J0190330, J0190630, J0191330, J0191430, J0191530, J0191630, J0191730, J0191830, J0192030, J0192830, J0194430, J0194830, J0194930, J0196030",Податкова декларація з податку на прибуток підприємств (для інститутів спільного інвестування) (проєкт для розробників),"Наказ Міністерства фінансів України від 2015-10-20 № 897 ""Про затвердження форми Податкової декларації з податку на прибуток підприємств"", зареєстрований в Міністерстві юстиції України 2015-11-11 за № 1415/27860, у редакції наказу Міністерства фінансів України від 2023-02-20 № 101 (із змінами, внесеними наказом Міністерства фінансів України від 2026-04-06 № 186)",Ю,"щоквартально протягом 40 днів, що настають за останнім календарним днем звітного (податкового) кварталу, півріччя, трьох кварталів; щорічно протягом 60 днів що настають за останнім календарним днем звітного (податкового) року","І квартал, півріччя, три квартали, рік"
7,J0101911,"J0119711, J0119811",Звіт про використання доходів (прибутків) неприбуткових організацій,"Наказ Міністерства фінансів України 17 червня 2016 року № 553, зареєстрований в Міністерстві юстиції України 2016-07-07 № 932/29062 (у редакції наказу Міністерства фінансів України від 28 квітня 2017 року № 469, зареєстрованого в Міністерстві юстиції України 2017-05-22 р. за № 653/30521)",Ю,"щорічно протягом 60 днів, що настають за останнім календарним днем звітного (податкового) року за місяць протягом 20 календарних днів, наступних за останнім календарним днем звітного (податкового) місяця (подається у разі порушення вимог п. 133.4 ст. 133 Податкового кодексу України)","рік, місяць"
8,J0102003,J0102103,Заява про застосування спрощеної системи оподаткування,"Наказ Міністерства фінансів України від 2019-07-16 № 308, зареєстрованого в Міністерстві юстиції України 2019-09-24 за № 1054/3425",Ю,місяць без терміна подання,місяць
9,J0102004,J0102104,Заява про застосування спрощеної системи оподаткування (проєкт для розробників),"Наказ Міністерства фінансів України від 2019-07-16 № 308, зареєстрованого в Міністерстві юстиції України 2019-09-24 за № 1054/34025 (у редакції наказу Міністерства фінансів України від 2024-09-11 № 440, зареєстрованого в Міністерстві юстиції України 2024-09-25 за № 1443/42788)",Ю,місяць без терміна подання,місяць
10,J0103101,J1360102,Податковий розрахунок сум надходжень платника третьої групи єдиного податку на рахунки у банках і сум утриманого з них податку (проєкт для розробників),"Наказ Міністерства фінансів України від 2023-06-19 № 331, зареєстрованого в Міністерстві юстиції України 2023-07-04 за № 1138/40194",Ю,у разі зарахування коштів на рахунок платника єдиного податку третьої групи - електронного резидента (е-резидента),квартал
11,J0103203,J0132103,"Податкова декларація платника єдиного податку третьої групи на період дії воєнного, надзвичайного стану в Україні","Наказ Міністерства фінансів України від 2022-04-26 № 124, зареєстрований в Міністерстві юстиції України 2022-05-05 за № 495/37831",Ю,"щомісячно протягом 20 днів, наступних за звітним місяцем",місяць
12,J0103509,J0135709,Податкова декларація платника єдиного податку третьої групи,"Наказ Міністерства фінансів України 2015-06-19 року № 578, зареєстрований у Міністерстві юстиції України 2015-07-07 за № 799/27244 (із змінами, внесеними наказом Міністерства фінансів України від 2025-01-31 року № 57, зареєстрованого в Міністерстві юстиції України 2025-02-14 за № 232/43638)",Ю,щоквартально протягом 40 днів після звітного кварталу; податковий (звітний) період місяць з першого числа такого місяця без обмеження граничного строку подання,"місяць, квартал, півріччя, 9-місяців, рік"
13,J0103806,"J0138106, J0138306",Податкова декларація платника єдиного податку четвертої групи,"Наказ Міністерства фінансів України від 2015-06-19 № 578, зареєстрованим у Міністерстві юстиції України 2015-07-07 за № 799/27244 (із змінами, внесеними наказом Міністерства фінансів України від 2025-01-31 № 57, зареєстрований в Міністерстві юстиції України 2025-02-14 № 232/43638)",Ю,рік не пізніше 20 лютого поточного року,рік
14,J0104707,"J0147107, J0147207",Звіт про контрольовані операції,Наказ Міністерства фінансів України від 2016-01-18 № 8 (у редакції наказу Міністерства фінансів України від 2023-12-31 № 673),Ю,"до 1 жовтня року, наступного за звітним",рік
15,J1610101,NULL,"Повідомлення про виявлення факту, що свідчить про володіння фізичною (юридичною) особою – резидентом України часткою в іноземній юридичній особі",підпункт 392.6.3 пункту 392.6 статті 392 Податкового кодексу України,Ю,місяць без терміна подання,місяць
16,J1800103,NULL,Повідомлення про участь у міжнародній групі компаній,"Наказ Міністерства фінансів України від 2020-12-31 № 839, зареєстрований в Міністерстві юстиції України 2021-03-04 за № 278/35900, із змінами, внесеними наказом Міністерства фінансів України від 2024-02-09 № 58, зареєстрованим в Міністерстві юстиції України 2024-02-26 за № 282/41627, враховуючи зміни, внесені наказом Міністерства фінансів України від 2024-03-01 № 101, зареєстрованим в Міністерстві юстиції України 2024-03-04 № 316/41661",Ю,"до 1 жовтня року, наступного за звітним",рік
17,J1800202,"J1820102, J1820202",Звіт у розрізі країн міжнародної групи компаній,Накази Міністерства фінансів України від 2023-12-21 № 709 «Про внесення Змін до наказу Міністерства фінансів України від 14 грудня 2020 року №764» (зареєстрований в Міністерстві юстиції України 2024-01-04 за № 28/41373); від 12 січня 2024 року № 12 «Про внесення змін до наказу Міністерства фінансів України від 21 грудня 2023 №709» (зареєстрований в Міністерстві юстиції України 2024-01-15 за № 80/41425),Ю,рік - протягом дванадцяти місяців після закінчення фінансового року,рік
18,J0147703,NULL,"Повідомлення про укладання форвардного, ф’ючерсного контракту або контракту на здійснення операцій з сировинними товарами","Наказ Міністерства фінансів України від 2020-12-31 № 840, зареєстрованим в Міністерстві юстиції України 2021-01-22 за № 95/35717",Ю,місяць без терміна подання,місяць
19,J0105002,NULL,"Звіт про нарахування податку з доходів фізичних осіб, що утримується з грошового забезпечення, грошових винагород та інших виплат, одержаних військовослужбовцями та особами рядового і начальницького складу, виплати щомісячної грошової компенсації втрат у зв'язку з утриманням цього податку",Постанова Кабінету Міністрів України від 15 січня 2004 року № 44,Ю,"не пізніше 20 числа місяця, що настає за звітним кварталом","1-й, 2-й, 3-й та 4-й квартал"
20,J0108210,J0118210,"Розрахунок частини чистого прибутку (доходу), дивідендів на державну частку","Наказ Міністерства фінансів України від 2024-11-04 № 549, зареєстрований у Міністерстві юстиції України 20 листопада 2024 р. за № 1745/43090 (зі змінами, внесеними наказом Міністерства фінансів України від 2024-11-26 № 607, зареєстрований у Міністерстві юстиції України 27 листопада 2024 р. за № 1796/43141)",Ю,"щоквартально протягом 40 календарних днів, що настають за останнім календарним днем звітного (податкового) періоду кварталу, півріччя, трьох кварталів; протягом 60 календарних днів, що настають за останнім календарним днем звітного (податкового) періоду рік","І квартал, півріччя, три квартали, рік"
21,J0108410,J0118410,"Розрахунок частини чистого прибутку (доходу), дивідендів на державну частку (для платника, на якого поширюється стаття 11 Закону України ""Про управління об'єктами державної власності"")","Наказ Міністерства фінансів України від 2024-11-04 № 549, зареєстрований у Міністерстві юстиції України 20 листопада 2024 р. за № 1745/43090 (зі змінами, внесеними наказом Міністерства фінансів України від 2024-11-26 № 607, зареєстрований у Міністерстві юстиції України 27 листопада 2024 р. за № 1796/43141)",Ю,щорічно до 01 липня року наступного за звітним,рік
22,J0108601,NULL,Скорочений звіт про контрольовані іноземні компанії,"Наказ Міністерства фінансів України від 2022-08-25 № 254, зареєстрований у Міністерстві юстиції України 2022-10-11 за № 1219/38555",Ю,"щорічно протягом 60 календарних днів, що настають за останнім календарним днем звітного (податкового) періоду",рік
23,J0108701,"J0187101, J0187201, J0187301, J1360102",Звіт про контрольовані іноземні компанії,"Наказ Міністерства фінансів України від 2022-08-25 № 254, зареєстрований у Міністерстві юстиції України 2022-10-11 за № 1219/38555",Ю,"щорічно протягом 60 календарних днів, що настають за останнім календарним днем звітного (податкового) періоду",рік
24,J0109301,"J0193101, J0193201, J0193301, J0193401, J0193501, J0193601",Податкова декларація з податку на прибуток підприємств за угодою про розподіл продукції,"Наказ Міністерства фінансів України від 2021-06-09 № 332, зареєстрований в Міністерстві юстиції України 2021-08-06 № 1038/36660",Ю,"щоквартально за кожний звітний податковий квартал - протягом 40 календарних днів, що настають за останнім календарним днем звітного (податкового) періоду - кварталу","І квартал, ІІ квартал, ІІІ квартал, IV квартал"
25,J1104302,NULL,"Звіт про цільове використання сировини, матеріалів, предметів, устаткування та обладнання, звільнених від обкладання ввізним митом, і устаткування та обладнання, звільнених від обкладання податком на додану вартість (на територіях пріоритетного розвитку в Донецькій області)","Наказ ДПА України, Державної митної служби України від 1999-04-07 № 188/204, зареєстрований у Міністерстві юстиції України 1999-04-28 № 268/3561 (із змінами і доповненнями, внесеними Наказом ДПА України та Державної митної служби України від 2002-01-04 № 5/7)",Ю,"щомісячно до 15 числа місяця, наступного за звітним",місяць
26,J0200126,"J0200526, J0215226, J0299826, J0299326, J0215726, J0215826",Податкова декларація з податку на додану вартість,"Наказ Міністерства фінансів України від 2024-08-09 № 400, зареєстрований в Міністерстві юстиції України 2024-08-26 за № 1302/42647 (із змінами, внесеними наказом Міністерства фінансів України від 2024-08-28 № 418)",Ю,"щомісячно протягом 20 днів, наступних за звітним місяцем",місяць
27,J0215401,NULL,"Повідомлення про зміни реквізитів рахунку платника податків, зазначеного в раніше поданій заяві про повернення суми бюджетного відшкодування (Д4) (додаток 4), на який платник податків виявив бажання отримати бюджетне відшкодування, що відбулись в особи, яка виключена з реєстру платників податку на додану вартість","наказ Міністерства фінансів України від 2020-12-02 № 734, зареєстрованого в Міністерстві юстиції України 2021-01-26 за № 100/35722",Ю,місяць без терміна подання,місяць
28,J0215526,NULL,"Розрахунок податкових зобов'язань, нарахованих отримувачем послуг, не зареєстрованим як платник податку на додану вартість, які постачаються нерезидентами, у тому числі їх постійними представництвами, не зареєстрованими платниками податків, на митній території України","Наказ Міністерства фінансів України від 2024-08-09 № 400, зареєстрований в Міністерстві юстиції України 2024-08-26 за № 1302/42647 (із змінами, внесеними наказом Міністерства фінансів України від 2024-08-28 № 418)",Ю,"щомісячно протягом 20 днів, наступних за звітним місяцем",місяць
29,J0215626,NULL,Повідомлення про делегування філіям (структурним підрозділам) права складання податкових накладних та розрахунків коригування Додаток 1 до Порядку заповнення і подання податкової звітності з податку на додану вартість (пункт 9 розділу III),"Наказ Міністерства фінансів України від 2024-08-09 № 400, зареєстрований в Міністерстві юстиції України 2024-08-26 за № 1302/42647 (із змінами, внесеними наказом Міністерства фінансів України від 2024-08-28 № 418)",Ю,"щомісячно протягом 20 днів, наступних за звітним місяцем",місяць
30,J0217026,NULL,Уточнюючий розрахунок податкових зобов’язань з податку на додану вартість у зв’язку з виправленням самостійно виявлених помилок,"Наказ Міністерства фінансів України від 2024-08-09 № 400, зареєстрований в Міністерстві юстиції України 2024-08-26 за № 1302/42647 (із змінами, внесеними наказом Міністерства фінансів України від 2024-08-28 № 418)",Ю,до початку перевірки податковим органом,"місяць або 1-й, 2-й, 3-й та 4-й квартал"
31,J0299103,NULL,"Інформаційне підтвердження придбання товарів, робіт і послуг у пільговому режимі за кошти міжнародної технічної допомоги за проектом (програмою), Додаток 8 до ""Порядку залучення, використання та моніторингу міжнародної технічної допомоги""","Постанова Кабінету Міністрів України вiд 15 лютого 2002 № 153 із змінами, внесеними постановами Кабінету Міністрів України вiд 04 грудня 2019 року № 1072, від 09 жовтня 2020 року № 942.",Ю,"щомісячно протягом 20 днів, наступних за звітним місяцем",місяць
32,J0299203,NULL,"Інформаційне підтвердження придбання товарів, робіт і послуг у пільговому режимі за кошти міжнародної технічної допомоги за проектом (програмою) в рамках проведення операцій, пов'язаних із виконанням робіт з підготовки до зняття і зняття енергоблоків Чорнобильської АЕС з експлуатації та перетворення об'єкта ""Укриття"" на екологічно безпечну систему, що придбаваються за кошти міжнародної технічної допомоги у пільговому режимі оподаткування, Додаток 9 до ""Порядку залучення, використання та моніторингу міжнародної технічної допомоги""","Постанова Кабінету Міністрів України вiд 15 лютого 2002 № 153 із змінами, внесеними постановами Кабінету Міністрів України вiд 04 грудня 2019 року № 1072, від 09 жовтня 2020 року № 942.",Ю,"щомісячно протягом 20 днів, наступних за звітним місяцем",місяць
33,J0206410,NULL,"Звіт № 1-ВП про залишки та обсяги виробництва та/або обігу (в тому числі ввезення на митну територію України, вивезення за межі митної території України) спирту етилового, спиртових дистилятів, біоетанолу, алкогольних напоїв, тютюнових виробів, рідин, що використовуються в електронних сигаретах, про залишки та обсяги придбання і використання тютюнової сировини, про обсяг (вагу) придбаної неферментованої тютюнової сировини, обсяг (вагу) виробленої ферментованої тютюнової сировини, обсяг (вагу) реалізованої ферментованої тютюнової сировини, обсяг (вагу) залишків неферментованої та ферментованої тютюнової сировини на кінець звітного періоду, про залишки та обсяг вирощування тютюну і реалізації тютюнової сировини, посівну площу","Наказ Міністерства фінансів України від 2025-12-22 № 641, зареєстрований в Міністерстві юстиції України 2026-01-02 за №3/45397 (із змінами, внесеними наказом Міністерства фінансів України від 2026-01-08 № 18)",Ю,"щомісячно до 10 числа місяця, що настає за звітним; не пізніше 20 числа місяця, наступного за звiтним роком",місяць рік
34,J0216410,NULL,"Звіт № 1-ВП про залишки та обсяги виробництва та/або обігу (в тому числі ввезення на митну територію України, вивезення за межі митної території України) спирту етилового, спиртових дистилятів, біоетанолу, алкогольних напоїв, тютюнових виробів, рідин, що використовуються в електронних сигаретах, про залишки та обсяги придбання і використання тютюнової сировини, про обсяг (вагу) придбаної неферментованої тютюнової сировини, обсяг (вагу) виробленої ферментованої тютюнової сировини, обсяг (вагу) реалізованої ферментованої тютюнової сировини, обсяг (вагу) залишків неферментованої та ферментованої тютюнової сировини на кінець звітного періоду, про залишки та обсяг вирощування тютюну і реалізації тютюнової сировини, посівну площу (не пізніше 01 лютого)","Наказ Міністерства фінансів України від 2025-12-22 № 641, зареєстрований в Міністерстві юстиції України 2026-01-02 за №3/45397 (із змінами, внесеними наказом Міністерства фінансів України від 2026-01-08 № 18)",Ю,"не пізніше 01 лютого року, наступного за звiтним роком",рік
35,J0206510,NULL,"Звіт № 1-ОП про залишки та обсяги обігу (в тому числі ввезення на митну територію України, вивезення за межі митної території України) спирту етилового, спиртових дистилятів, біоетанолу, алкогольних напоїв, тютюнових виробів, тютюнової сировини (у тому числі ферментованої тютюнової сировини), рідин, що використовуються в електронних сигаретах","Наказ Міністерства фінансів України від 2025-12-22 № 641, зареєстрований в Міністерстві юстиції України 2026-01-02 за №3/45397 (із змінами, внесеними наказом Міністерства фінансів України від 2026-01-08 № 18)",Ю,"не пізніше 10 числа місяця, наступного за звітним місяцем",місяць
36,J0206602,NULL,Розрахунок прогнозної потреби спирту,Наказ ДПА України від 2002-10-29 №515,Ю,щоквартально,"1-й, 2-й, 3-й та 4-й квартал"
37,J0206706,NULL,Довідка про прогнозований обсяг потреби в спирті етиловому для виготовлення окремих видів продукції,"Наказ Міністерства фінансів України від 2022-08-25 № 255, зареєстрований в Міністерстві юстиції України 2022-09-09 за № 1035/38371",Ю,при поданні авальованого податкового векселя,місяць
38,J0206806,NULL,Довідка про цільове використання спирту етилового,"Наказ Міністерства фінансів України від 2022-08-25 № 255, зареєстрований в Міністерстві юстиції України 2022-09-09 за № 1035/38371",Ю,"протягом терміну, на який видано авальований податковий вексель, але не більше 90 днів",місяць
39,J0207705,NULL,Декларація про максимальні роздрібні ціни на підакцизні товари (продукцію) (дата запровадження з 15 числа місяця),"Наказ Міністерства фінансів України від 2015-03-25 № 359, зареєстрованого в Міністерстві юстиції України 2015-04-14 за № 413/26858 (у редакції наказу Міністерства фінансів України від 2021-04-15 № 218), із змінами внесеними наказом Міністерства фінансів України від 2024-09-09 № 433, зареєстрованого в Міністерстві юстиції України 2024-09-24 за № 1439/42784",Ю,щомісячно не пізніше ніж 10 число місця запровадження ціни,місяць (запровадження ціни)
40,J0208602,NULL,Довідка про отримання спирту етилового,"Наказ ДПА України, МОЗ України від 2005-07-26 №230/377, зареєстрований у Міністерстві юстиції України України 2005-08-10 №877/11157 (у редакції Наказу ДПА України від 2006-05-04 №248/258)",Ю,в терміни місячної звітності,місяць
41,J0208905,NULL,Декларація про максимальні роздрібні ціни на підакцизні товари (продукцію) (дата запровадження з 1 числа місяця),"Наказ Міністерства фінансів України від 2015-03-25 № 359, зареєстрованого в Міністерстві юстиції України 2015-04-14 за № 413/26858 (у редакції наказу Міністерства фінансів України від 2021-04-15 № 218), із змінами внесеними наказом Міністерства фінансів України від 2024-09-09 № 433, зареєстрованого в Міністерстві юстиції України 2024-09-24 за № 1439/42784",Ю,"щомісячно не пізніше ніж 25 числа місця, що передує місяцю запровадження ціни",місяць (запровадження ціни)
42,J0209514,"J0295014, J0298414, J0298514, J0298614, J0298814, J0295114, J0295214, J0295314, J0295414, J0295614, J0298714, J0295714, J0295814, J0295914, J0296014, J0298114, J0298214, J0298314",Декларація з акцизного податку,"Наказ Міністерства фінансів України від 2015-01-23 № 14, зареєстрований у Міністерстві юстиції України 2015-01-30 за № 105/26550 (із змінами, які внесені наказами Міністерства фінансів України від 2024-11-07 № 567, від 2025-06-05 № 291, від 2025-06-24 року № 319)",Ю,"щомісячно протягом 20 днів місяця, наступного за звітним",місяць
43,J0209903,NULL,Заявка на поповнення (коригування) залишку спирту етилового,"Наказ Міністерства фінансів України від 2020-11-27 № 729, зареєстрований у Міністерстві юстиції України 2020-12-14 за № 1241/35524 (зі змінами внесеними наказом Міністерства фінансів України від 2023-02-01 № 55, зареєстрованим у Міністерстві юстиції України 2023-03-21 за № 480/39536)",Ю,місяць без терміна подання,місяць
44,J0210904,NULL,Заявка на поповнення (коригування) залишку пального,"Наказ Міністерства фінансів України від 2020-11-27 № 729, зареєстрований у Міністерстві юстиції України 2020-12-14 за № 1241/35524 (зі змінами внесеними наказом Міністерства фінансів України від 2023-02-01 № 55, зареєстрованим у Міністерстві юстиції України 2023-03-21 за № 480/39536)",Ю,місяць без терміна подання,місяць
45,J0210301,NULL,"Довідка про розпорядника акцизного складу пального, акцизні склади пального, розташовані на них резервуари пального, витратоміри та рівнеміри","Наказ Мiнiстерства фiнансiв України вiд 2019-06-18 № 248, зареєстрований в Міністерстві юстиції України 27 червня 2019 р. за № 676/33647",Ю,відповідно до вимог наказу Міністерства фінансів України від 27 листопада 2018 року № 944 ( у редакції наказу Міністерства фінансів України від 18 червня 2019 року № 248),місяць
46,J0210401,NULL,Довідка про зведені за добу підсумкові облікові дані щодо обсягів обігу (отримання/відпуску) та залишків пального на акцизному складі пального,"Наказ Мiнiстерства фiнансiв України вiд 2019-06-18 № 248, зареєстрований в Міністерстві юстиції України 27 червня 2019 р. за № 676/33647",Ю,відповідно до вимог наказу Міністерства фінансів України від 27 листопада 2018 року № 944 ( у редакції наказу Міністерства фінансів України від 18 червня 2019 року № 248),місяць
47,J0210501,NULL,Акт інвентаризації обсягів залишку спирту етилового станом на початок дня 01 липня 2019 року,"Наказ Міністерства фінансів України від 2019-07-09 № 291 ""Про затвердження форми акта проведення інвентаризації обсягів залишку спирту етилового, Порядку його заповнення та подання""",Ю,до 2019-07-22 включно,місяць
48,J0210602,NULL,Довідка про витратоміри-лічильники обсягу виробленого спирту етилового та/або обсягу виробленої продукції,"Наказ Міністерства фінансів України від 2021-01-27 № 43, зареєстрований в Міністерстві юстиції України 2021-04-01 за № 425/36047",Ю,NULL,NULL
49,J0210702,NULL,Довідка про зведені за добу підсумкові облікові дані щодо обсягів обігу (отримання/відпуску) та залишків спирту на акцизному складі виробника спирту та/або виробника окремих видів продукції,"Наказ Міністерства фінансів України від 2021-01-27 № 43, зареєстрований в Міністерстві юстиції України 2021-04-01 за № 425/36047",Ю,NULL,NULL
50,J0211001,NULL,"Звіт про обсяги імпорту неферментованої (непереробленої) тютюнової сировини, обсяги придбаної тютюнової сировини в осіб, які виробляють тютюнову сировину на митній території України, обсяги виробництва, реалізації виробникам тютюнових виробів та експорту ферментованої (переробленої) тютюнової сировини","Наказ Міністерства фінансів України від 2022-09-07 № 271, зареєстрованого у Міністерстві юстиції України 2022-09-29 за № 1144/38480",Ю,"щомісячно протягом 20 днів, наступних за звітним місяцем",місяць
51,J0301209,J0311209,Податкова декларація збору за місця для паркування транспортних засобів,"Наказ Міністерства фінансів України від 2015-07-09 № 636, зареєстрованого в Міністерстві юстиції України 2015-07-29 за № 912/27357 (у редакції наказу Міністерства фінансів України від 2023-10-06 № 528, зареєстрованого у Міністерстві юстиції 2023-10-20 за № 1841/40897)",Ю,"протягом 40 календарних днів, що настають за останнім календарним днем звітного (податкового) кварталу","квартал, півріччя. 9-місяців, рік"
52,J0302108,"J0312108, J0312208","Податкова декларація з податку на нерухоме майно, відмінне від земельної ділянки","Наказ Міністерства фінансів України від 2015-04-10 № 408, зареєстрованим в Міністерстві юстиції України 2015-04-29 за № 479/26924 (у редакції наказу Міністерства фінансів України від 2022-11-10 № 371) зі змінами, внесеними наказами Міністерства фінансів України від 2022-12-05 № 412, від 2023-09-26 № 519, від 2024-09-09 № 431",Ю,щорічно в термін до 20 лютого,рік
53,J0303311,NULL,Розрахунок частки сiльськогосподарського товаровиробництва,"Наказ Міністерства аграрної політики та продовольства України від 2011-12-26 № 772 (із змінами і доповненнями, внесеними наказами Міністерства економіки, довкілля та сільського господарства України від 2026-01-20 № 829 та від 2026-01-29 року № 1370)",Ю,не пізніше 20 лютого поточного року,рік
54,J0303507,J0313507,Податкова декларація з туристичного збору,"Наказ Міністерства фінансів України від 2015-07-09 № 636, зареєстрований в Міністерстві юстиції України 2015-07-29 за № 912/27357 (у редакції наказу Міністерства фінансів України від 2023-09-20 № 506, зареєстрованого в Міністерстві юстиції України 2023-10-04 за №1742/40798)",Ю,щоквартально протягом 40 днів після звітного кварталу,"1-й, 2-й, 3-й та 4-й квартал"
55,J0303604,NULL,Податкова декларація з транспортного податку,"Наказ Мiнiстерства фiнансiв України від 2015-04-10 № 415 (у редакції наказу Мiнiстерства фiнансiв України від 2022-11-30 № 401, зі змінами, внесеними наказом Мінфіну від 2023-10-06 № 527)",Ю,щорічно в термін до 20 лютого,рік
56,J0600502,NULL,Звiт про використання води. Форма N 2-ТП (Водгосп),"Наказ Міністерства екології та природних ресурсів України від 2015-03-16 № 78, який зареєстровано в Міністерстві юстиції України 03 квітня 2015 р. за N 382/26827",Ю,в термін до 40 днів після ІV кварталу,рік
57,J0602008,NULL,Податкова декларація з плати за землю (земельний податок та/або орендна плата за земельні ділянки державної або комунальної власності),"наказ Мiнiстерства фiнансiв України вiд 2015-06-16 № 560 зі змінами, внесеними наказом Мiнiстерства фiнансiв України вiд 2023-09-26 № 520, зареєстрованим в Мiнiстерствi юстицiї України 2023-10-10 за № 1771/40727",Ю,"не пізніше 20 лютого, в терміни подання місячної звітності","рік, місяць"
58,J0601901,NULL,"Податкова декларація з орендної плати за земельні ділянки сільськогосподарського призначення державної власності, передані в оренду відповідно до статті 120-1 глави 19 розділу IV Земельного кодексу України","Наказ Мiнiстерства фiнансiв України вiд 2025-03-14 № 154, зареєстрований у Міністерстві юстиції України 2025-03-26 за № 473/43879 (зі змінами, внесеними наказом Мiнiстерства фiнансiв України вiд 2025-04-01 № 177, зареєстрованим в Мiнiстерствi юстицiї України 2025-04-02 за № 504/43910",Ю,"не пізніше 20 лютого, в терміни подання місячної звітності","рік, місяць"
59,J0800108,"J0810108, J0810208, J0810308, J0810508, J0810608, J0810708, J0810808, J0810908",Податкова декларація з рентної плати (квартальна),"Наказ Міністерства фінансів України від 2023-09-07 № 487, зареєстрованого в Міністерстві юстиції України 2023-09-21 за № 1665/40721",Ю,щоквартально протягом 40 днів після звітного кварталу,"1-й, 2-й, 3-й та 4-й квартал"
60,J0800207,"J0820207, J0820407, J0821007, J0821107",Податкова декларація з рентної плати (місячна),"Наказ Міністерства фінансів України від 2023-09-07 № 487, зареєстрованого в Міністерстві юстиції України 2023-09-21 за № 1665/40721",Ю,"щомісячно до 20 числа місяця, наступного за звітним",місяць
61,J0803501,J0813501,"Розрахунок збору на соцiально-економiчну компенсацiю ризику населення, яке проживає на територiї зони спостереження",Постанова Кабiнету Мiнiстрiв України вiд 19 травня 2010 року № 352,Ю,щомісячно до 20 числа місяця наступного за звітним,місяць
62,J1201016,"J1201116, J1201216",Податкова накладна,"Наказ Міністерства фінансів України від 2015-12-31 № 1307 (із змінами, внесеними наказом Міністерства фінансів України від 2024-08-09 № 400)",Ю,"не пізніше 15 календарних днів наступних за датою їх складання. На період дії воєнного стану граничні строки реєстрації ПН/РК в ЄРПН визначено п.89 підрозд.2 розд. XX ""Перехідні положення"" ПКУ",місяць
63,J1211001,"J1211101, J1211201","Податкова накладна (складена за операціями з вивезення за межі митної території України товарів, до яких застосовано режим експортного забезпечення)","Наказ Міністерства фінансів України від 2015-12-31 № 1307 (із змінами, внесеними наказом Міністерства фінансів України від 2024-08-09 № 400)",Ю,"не пізніше 15 календарних днів наступних за датою їх складання. На період дії воєнного стану граничні строки реєстрації ПН/РК в ЄРПН визначено п.89 підрозд.2 розд. XX ""Перехідні положення"" ПКУ",місяць
64,J1203203,NULL,"Акцизна накладна форми ""П""","Наказ Міністерства фінансів України від 2020-11-27 № 729, зареєстрований у Міністерстві юстиції України 2020-12-14 за № 1241/35524 (зі змінами внесеними наказом Міністерства фінансів України від 2023-02-01 № 55, зареєстрованим у Міністерстві юстиції України 2023-03-21 за № 480/39536)",Ю,"не пізніше 15 календарних днів наступних за датою їх складання, з урахуванням термінів, які визначені п. 231.6 ст. 231 Податкового кодексу",місяць
65,J1203303,NULL,"Розрахунок коригування акцизної накладної форми ""П""","Наказ Міністерства фінансів України від 2020-11-27 № 729, зареєстрований у Міністерстві юстиції України 2020-12-14 за № 1241/35524 (зі змінами внесеними наказом Міністерства фінансів України від 2023-02-01 № 55, зареєстрованим у Міністерстві юстиції України 2023-03-21 за № 480/39536)",Ю,"не пізніше 15 календарних днів наступних за датою їх складання, з урахуванням термінів, які визначені п. 231.6 ст. 231 Податкового кодексу",місяць
66,J1203403,NULL,"Акцизна накладна форми ""С""","Наказ Міністерства фінансів України від 2020-11-27 № 729, зареєстрований у Міністерстві юстиції України 2020-12-14 за № 1241/35524 (зі змінами внесеними наказом Міністерства фінансів України від 2023-02-01 № 55, зареєстрованим у Міністерстві юстиції України 2023-03-21 за № 480/39536)",Ю,"не пізніше 15 календарних днів наступних за датою їх складання, з урахуванням термінів, які визначені п. 231.6 ст. 231 Податкового кодексу",місяць
67,J1203503,NULL,"Розрахунок коригування акцизної накладної форми ""С""","Наказ Міністерства фінансів України від 2020-11-27 № 729, зареєстрований у Міністерстві юстиції України 2020-12-14 за № 1241/35524 (зі змінами внесеними наказом Міністерства фінансів України від 2023-02-01 № 55, зареєстрованим у Міністерстві юстиції України 2023-03-21 за № 480/39536)",Ю,"не пізніше 15 календарних днів наступних за датою їх складання, з урахуванням термінів, які визначені п. 231.6 ст. 231 Податкового кодексу",місяць
68,J1204101,NULL,Товарно-транспортна накладна на переміщення спирту етилового,"Наказ Міністерства транспорту та зв'язку України від 2005-04-28 № 154, зареєстрований в Міністерстві юстиції України 28 липня 2005 р. за № 817/11097 із змінами і доповненнями, внесеними наказом Міністерства інфраструктури України від 2013-09-02 № 657",Ю,по мірі необхідності,місяць
69,J1204201,NULL,Товарно-транспортна накладна на переміщення алкогольних напоїв,"Наказ Міністерства транспорту та зв'язку України від 2005-04-28 № 154, зареєстрований в Міністерстві юстиції України 28 липня 2005 р. за № 817/11097 із змінами і доповненнями, внесеними наказом Міністерства інфраструктури України від 2013-09-02 № 657",Ю,по мірі необхідності,місяць
70,J0302006,"J0320106, J0320206, J0320306, J0320406, J0320506, J0320606",Податкова декларація екологічного податку,"Наказ Міністерства фінансів України від 2015-08-17 № 715, зареєстрований у Міністерстві юстиції України 2015-09-03 за № 1052/27497 (зі змінами, внесеними наказом Міністерства фінансів України від 2023-09-07 № 488, зареєстрованим у Міністерстві юстиції України 2023-09-25 за № 1666/40722)",Ю,щоквартально протягом 40 днів після звітного кварталу,"1-й, 2-й, 3-й та 4-й квартал"
71,J0500110,"J0510110, J0510210, J0510310, J0510410, J0510510, J0510610","Податковий розрахунок сум доходу, нарахованого (сплаченого) на користь платників податків - фізичних осіб, і сум утриманого з них податку, а також сум нарахованого єдиного внеску","Наказ Міністерства фінансів України від 2015-01-13 № 4, зареєстрований в Міністерстві юстиції України 30 січня 2015 р. за № 111/26556 (із змінами)",Ю,"щомісячно, протягом 20 календарних днів, що настають за останнім календарним днем звітного (податкового) місяця",місяць
72,J0500111,"J0510111, J0510211, J0510311, J0510411, J0510511, J0510611","Податковий розрахунок сум доходу, нарахованого (сплаченого) на користь платників податків - фізичних осіб, і сум утриманого з них податку, а також сум нарахованого єдиного внеску для податкових агентів, крім фізичних осіб-підприємців та/або осіб, які провадять незалежну професійну діяльність (проєкт для розробників)","Наказ Міністерства фінансів України від 2015-01-13 № 4, зареєстрований в Міністерстві юстиції України 30 січня 2015 р. за № 111/26556 (у редакції наказу Міністерства фінансів України від 2026-05-07 № 243)",Ю,"щомісячно, протягом 20 календарних днів, що настають за останнім календарним днем звітного (податкового) місяця",місяць
73,J0500203,NULL,Звіт про використання книг обліку розрахункових операцій (розрахункових книжок),"Наказ Міністерства фінансів України від 2016-01-21 №13, зареєстрований в Міністерстві юстиції України 2016-02-11 за № 220/28350",Ю,"щомісячно, протягом 15 днів після закінчення звітного періоду",місяць
74,J0525002,NULL,Довідка про використані розрахункові книжки за ______ місяць __ року,"Наказ Міністерства фінансів України від 2016-01-21 №13, зареєстрований в Міністерстві юстиції України 2016-02-11 за № 220/28350",Ю,"щомісячно, протягом 15 днів після закінчення звітного періоду",місяць
75,J0500602,NULL,"ІНФОРМАЦІЯ суб'єктів господарювання, які провадять посередницьку діяльність, пов'язану з наданням послуг з оренди нерухомості (рієлтерів), про укладені за їх посередництвом цивільно-правові договори (угоди)","Наказ Міністерства фінансів України від 2017-05-13 № 497, зареєстрований в Міністерстві юстиції України 2017-06-08 за № 700/30568",Ю,щоквартально протягом 40 днів після звітного кварталу,"1-й, 2-й, 3-й квартал, рік"
76,J3001005,NULL,Повідомлення про прийняття працівника (домашнього працівника) на роботу/укладення гіг-контракту,"Постанова Кабінету Міністрів України від 17 червня 2015 року № 413 (із змінами, внесеними згідно з постановою Кабінету Міністрів України від 2025-02-21 р. № 184)",Ю,по мірі необхідності,місяць
77,F0100215,"F0121215, F0121415, F0121615, F0121815, F0121915, F0122215, F0122315, F0122415, F1360102","Податкова декларація про майновий стан і доходи (для громадянина; особи, яка заявляє право на податкову знижку; особа, яка провадить незалежну професійну діяльність / члени фермерського господарства; підприємця; особа, стосовно якої проведено реєстрацію припинення підприємницької або незалежної - професійної діяльності / втрачено статус члена фермерського господарства або закінчено термін дії договору про добровільну участь протягом звітного року / особа, яка виїжджає за кордон на постійне місце проживання)","Наказ Міністерства фінансів України від 2015-10-02 року № 859 (у редакції наказу Міністерства фінансів України від 2022-05-17 №143, зареєстрованого в Міністерстві юстиції України 2022-06-03 за № 593/37929) (зі змінами, внесеними наказом Міністерства фінансів України від 2025-07-01 № 331, зареєстрованого в Міністерстві юстиції України 2025-07-16 № 1087/44493)",Ф,"щорічно до 1 травня (для податкової знижки до 31 грудня) року наступного за звітним роком, щомісячно протягом 20 днів після закінчення звітного місяця",рік місяць
78,F0100415,"F0141915, F0142015, F0142115",Податкова декларація про майновий стан і доходи (довідкова),"Наказ Міністерства фінансів України від 2015-10-02 року № 859 (у редакції наказу Міністерства фінансів України від 2022-05-17 №143, зареєстрованого в Міністерстві юстиції України 2022-06-03 за № 593/37929) (зі змінами, внесеними наказом Міністерства фінансів України від 2025-07-01 № 331, зареєстрованого в Міністерстві юстиції України 2025-07-16 № 1087/44493)",Ф,з першого числа звітного місяця без обмеження граничного строку подання,місяць
79,F0100729,"F0171529, F0171729","Податкова декларація з податку на прибуток підприємств (з додатками) (для фізичних осіб-підприємців, у тому числі таких, які обрали спрощену систему оподаткування, або фізичних осіб, які провадять незалежну професійну діяльність)","Наказ Міністерства фінансів України від 2015-10-20 № 897 ""Про затвердження форми Податкової декларації з податку на прибуток підприємств"", зареєстрований в Міністерстві юстиції України 2015-11-11 за № 1415/27860, у редакції наказу Міністерства фінансів України від 2023-02-20 № 101 (із змінами, внесеними наказом Міністерства фінансів України від 2025-07-25 № 371)",Ф,"щоквартально протягом 40 днів, що настають за останнім календарним днем звітного (податкового) кварталу, півріччя, трьох кварталів квартали; протягом 60 днів, що настають за останнім календарним днем звітного (податкового) року","І квартал, півріччя, три квартали, рік"
80,F0100730,"F0171530, F0171730","Податкова декларація з податку на прибуток підприємств (з додатками) (для фізичних осіб-підприємців, у тому числі таких, які обрали спрощену систему оподаткування, або фізичних осіб, які провадять незалежну професійну діяльність) (проєкт для розробників)","Наказ Міністерства фінансів України від 2015-10-20 № 897 ""Про затвердження форми Податкової декларації з податку на прибуток підприємств"", зареєстрований в Міністерстві юстиції України 2015-11-11 за № 1415/27860, у редакції наказу Міністерства фінансів України від 2023-02-20 № 101 (із змінами, внесеними наказом Міністерства фінансів України від 2026-04-06 № 186)",Ф,"щоквартально протягом 40 днів, що настають за останнім календарним днем звітного (податкового) кварталу, півріччя, трьох кварталів квартали; протягом 60 днів, що настають за останнім календарним днем звітного (податкового) року","І квартал, півріччя, три квартали, рік"
81,F0102003,F0102103,Заява про застосування спрощеної системи оподаткування,"Наказ Міністерства фінансів України від 2019-07-16 № 308, зареєстрованого в Міністерстві юстиції України 2019-09-24 за № 1054/3425",Ф,місяць без терміна подання,місяць
82,F0102004,F0102104,Заява про застосування спрощеної системи оподаткування (проєкт для розробників),"Наказ Міністерства фінансів України від 2019-07-16 № 308, зареєстрованого в Міністерстві юстиції України 2019-09-24 за № 1054/34025 (у редакції наказу Міністерства фінансів України від 2024-09-11 № 440, зареєстрованого в Міністерстві юстиції України 2024-09-25 за № 1443/42788)",Ф,місяць без терміна подання,місяць
83,F0103407,"F0134107, F0134207","Податкова декларація платника єдиного податку – фізичної особи - підприємця (1, 2 група - річна)","Наказ Міністерства фінансів України 2015-06-19 року № 578, зареєстрований у Міністерстві юстиції України 2015-07-07 за № 799/27244 (із змінами, внесеними наказом Міністерства фінансів України від 2025-01-31 року № 57, зареєстрованого в Міністерстві юстиції України 2025-02-14 за № 232/43638)",Ф,"протягом 60 календарних днів, що настають за останнім календарним днем звітного (податкового) року, а також за податковий (звітний) період місяць з першого числа такого місяця без обмеження граничного строку подання",рік
84,F0103309,"F0133109, F0133209",Податкова декларація платника єдиного податку – фізичної особи - підприємця (3 група - квартальна),"Наказ Міністерства фінансів України 2015-06-19 року № 578, зареєстрований у Міністерстві юстиції України 2015-07-07 за № 799/27244 (із змінами, внесеними наказом Міністерства фінансів України від 2025-01-31 року № 57, зареєстрованого в Міністерстві юстиції України 2025-02-14 за № 232/43638)",Ф,"протягом 40 календарних днів, що настають за останнім календарним днем звітного (податкового) періоду, а також за податковий (звітний) період місяць з першого числа такого місяця без обмеження граничного строку подання","І квартал, півріччя, три квартали, рік"
85,F0103203,"F0132103, F0132203","Податкова декларація платника єдиного податку третьої групи на період дії воєнного, надзвичайного стану в Україні","Наказ Міністерства фінансів України від 2022-04-26 № 124, зареєстрований в Міністерстві юстиції України 2022-05-05 за № 495/37831",Ф,"щомісячно протягом 20 днів, наступних за звітним місяцем",місяць
86,F0103806,"F0138106, F0138206, F0138306",Податкова декларація платника єдиного податку четвертої групи,"Наказ Міністерства фінансів України від 2015-06-19 № 578, зареєстрованим у Міністерстві юстиції України 2015-07-07 за № 799/27244 (із змінами, внесеними наказом Міністерства фінансів України від 2025-01-31 № 57, зареєстрований в Міністерстві юстиції України 2025-02-14 № 232/43638)",Ф,рік не пізніше 20 лютого року наступного за звітним; місяць з першого числа без обмеження граничного строку подання,рік; місяць
87,F0108601,NULL,Скорочений звіт про контрольовані іноземні компанії,"Наказ Міністерства фінансів України від 2022-08-25 № 254, зареєстрований у Міністерстві юстиції України 2022-10-11 за № 1219/38555",Ф,щорічно до 1 травня,рік
88,F0108701,"F0187101, F0187201, F0187301, F1360102",Звіт про контрольовані іноземні компанії,"Наказ Міністерства фінансів України від 2022-08-25 № 254, зареєстрований у Міністерстві юстиції України 2022-10-11 за № 1219/38555",Ф,"щорічно протягом 60 календарних днів, що настають за останнім календарним днем звітного (податкового) періоду",рік
89,F0200126,"F0200426, F0215226, F0299826, F0299326, F0215726, F0215826",Податкова декларація з податку на додану вартість,"Наказ Міністерства фінансів України від 2024-08-09 № 400, зареєстрований в Міністерстві юстиції України 2024-08-26 за № 1302/42647 (із змінами, внесеними наказом Міністерства фінансів України від 2024-08-28 № 418)",Ф,"щомісячно протягом 20 днів, наступних за звітним місяцем",місяць
90,F0215401,NULL,"Повідомлення про зміни реквізитів рахунку платника податків, зазначеного в раніше поданій заяві про повернення суми бюджетного відшкодування (Д4) (додаток 4), на який платник податків виявив бажання отримати бюджетне відшкодування, що відбулись в особи, яка виключена з реєстру платників податку на додану вартість","наказ Міністерства фінансів України від 2020-12-02 № 734, зареєстрованого в Міністерстві юстиції України 2021-01-26 за № 100/35722",Ф,місяць без терміна подання,місяць
91,F0215526,NULL,"Розрахунок податкових зобов’язань, нарахованих отримувачем послуг, не зареєстрованим як платник податку на додану вартість, які постачаються нерезидентами, у тому числі їх постійними представництвами, не зареєстрованими платниками податків, на митній території України","Наказ Міністерства фінансів України від 2024-08-09 № 400, зареєстрований в Міністерстві юстиції України 2024-08-26 за № 1302/42647 (із змінами, внесеними наказом Міністерства фінансів України від 2024-08-28 № 418)",Ф,"щомісячно протягом 20 днів, наступних за звітним місяцем",місяць
92,F0217026,NULL,Уточнюючий розрахунок податкових зобов’язань з податку на додану вартість у зв’язку з виправленням самостійно виявлених помилок,"Наказ Міністерства фінансів України від 2024-08-09 № 400, зареєстрований в Міністерстві юстиції України 2024-08-26 за № 1302/42647 (із змінами, внесеними наказом Міністерства фінансів України від 2024-08-28 № 418)",Ф,до початку перевірки податковим органом,місяць (подання)
93,F0299103,NULL,"Інформаційне підтвердження придбання товарів, робіт і послуг у пільговому режимі за кошти міжнародної технічної допомоги за проектом (програмою), Додаток 8 до ""Порядку залучення, використання та моніторингу міжнародної технічної допомоги""","Постанова Кабінету Міністрів України вiд 15 лютого 2002 № 153 із змінами, внесеними постановами Кабінету Міністрів України вiд 04 грудня 2019 року № 1072, від 09 жовтня 2020 року № 942.",Ф,"щомісячно протягом 20 днів, наступних за звітним місяцем",місяць
94,F0299203,NULL,"Інформаційне підтвердження придбання товарів, робіт і послуг у пільговому режимі за кошти міжнародної технічної допомоги за проектом (програмою) в рамках проведення операцій, пов'язаних із виконанням робіт з підготовки до зняття і зняття енергоблоків Чорнобильської АЕС з експлуатації та перетворення об'єкта ""Укриття"" на екологічно безпечну систему, що придбаваються за кошти міжнародної технічної допомоги у пільговому режимі оподаткування, Додаток 9 до ""Порядку залучення, використання та моніторингу міжнародної технічної допомоги""","Постанова Кабінету Міністрів України вiд 15 лютого 2002 № 153 із змінами, внесеними постановами Кабінету Міністрів України вiд 04 грудня 2019 року № 1072, від 09 жовтня 2020 року № 942.",Ф,"щомісячно протягом 20 днів, наступних за звітним місяцем",місяць
95,F0206410,NULL,"Звіт № 1-ВП про залишки та обсяги виробництва та/або обігу (в тому числі ввезення на митну територію України, вивезення за межі митної території України) спирту етилового, спиртових дистилятів, біоетанолу, алкогольних напоїв, тютюнових виробів, рідин, що використовуються в електронних сигаретах, про залишки та обсяги придбання і використання тютюнової сировини, про обсяг (вагу) придбаної неферментованої тютюнової сировини, обсяг (вагу) виробленої ферментованої тютюнової сировини, обсяг (вагу) реалізованої ферментованої тютюнової сировини, обсяг (вагу) залишків неферментованої та ферментованої тютюнової сировини на кінець звітного періоду, про залишки та обсяг вирощування тютюну і реалізації тютюнової сировини, посівну площу","Наказ Міністерства фінансів України від 2025-12-22 № 641, зареєстрований в Міністерстві юстиції України 2026-01-02 за №3/45397 (із змінами, внесеними наказом Міністерства фінансів України від 2026-01-08 № 18)",Ф,"щомісячно до 10 числа місяця, що настає за звітним; не пізніше 20 числа місяця, наступного за звiтним роком",місяць рік
96,F0216410,NULL,"Звіт № 1-ВП про залишки та обсяги виробництва та/або обігу (в тому числі ввезення на митну територію України, вивезення за межі митної території України) спирту етилового, спиртових дистилятів, біоетанолу, алкогольних напоїв, тютюнових виробів, рідин, що використовуються в електронних сигаретах, про залишки та обсяги придбання і використання тютюнової сировини, про обсяг (вагу) придбаної неферментованої тютюнової сировини, обсяг (вагу) виробленої ферментованої тютюнової сировини, обсяг (вагу) реалізованої ферментованої тютюнової сировини, обсяг (вагу) залишків неферментованої та ферментованої тютюнової сировини на кінець звітного періоду, про залишки та обсяг вирощування тютюну і реалізації тютюнової сировини, посівну площу (не пізніше 01 лютого)","Наказ Міністерства фінансів України від 2025-12-22 № 641, зареєстрований в Міністерстві юстиції України 2026-01-02 за №3/45397 (із змінами, внесеними наказом Міністерства фінансів України від 2026-01-08 № 18)",Ф,"не пізніше 01 лютого року, наступного за звiтним роком",рік
97,F0206510,NULL,"Звіт № 1-ОП про залишки та обсяги обігу (в тому числі ввезення на митну територію України, вивезення за межі митної території України) спирту етилового, спиртових дистилятів, біоетанолу, алкогольних напоїв, тютюнових виробів, тютюнової сировини (у тому числі ферментованої тютюнової сировини), рідин, що використовуються в електронних сигаретах","Наказ Міністерства фінансів України від 2025-12-22 № 641, зареєстрований в Міністерстві юстиції України 2026-01-02 за №3/45397 (із змінами, внесеними наказом Міністерства фінансів України від 2026-01-08 № 18)",Ф,"не пізніше 10 числа місяця, наступного за звітним місяцем",місяць
98,F0206706,NULL,Довідка про прогнозований обсяг потреби в спирті етиловому для виготовлення окремих видів продукції,"Наказ Міністерства фінансів України від 2022-08-25 № 255, зареєстрований в Міністерстві юстиції України 2022-09-09 за № 1035/38371",Ф,при поданні авальованого податкового векселя,місяць
99,F0206806,NULL,Довідка про цільове використання спирту етилового,"Наказ Міністерства фінансів України від 2022-08-25 № 255, зареєстрований в Міністерстві юстиції України 2022-09-09 за № 1035/38371",Ф,"протягом терміну, на який видано авальований податковий вексель, але не більше 90 днів",місяць
100,F0209514,"F0295014, F0298414, F0298514, F0298614, F0298814, F0295114, F0295214, F0295314, F0295414, F0295614, F0298714, F0295714, F0295814, F0295914, F0296014, F0298114, F0298214, F0298314",Декларація з акцизного податку,"Наказ Міністерства фінансів України від 2015-01-23 № 14, зареєстрований у Міністерстві юстиції України 2015-01-30 за № 105/26550 (із змінами, які внесені наказами Міністерства фінансів України від 2024-11-07 № 567, від 2025-06-05 № 291, від 2025-06-24 року № 319)",Ф,"щомісячно протягом 20 днів місяця, наступного за звітним",місяць
101,F0208905,NULL,Декларація про максимальні роздрібні ціни на підакцизні товари (продукцію) (дата запровадження з 1 числа місяця),"Наказ Міністерства фінансів України від 2015-03-25 № 359, зареєстрованого в Міністерстві юстиції України 2015-04-14 за № 413/26858 (у редакції наказу Міністерства фінансів України від 2021-04-15 № 218), із змінами внесеними наказом Міністерства фінансів України від 2024-09-09 № 433, зареєстрованого в Міністерстві юстиції України 2024-09-24 за № 1439/42784",Ф,"щомісячно не пізніше ніж 25 числа місця, що передує місяцю запровадження ціни",місяць (запровадження ціни)
102,F0207705,NULL,Декларація про максимальні роздрібні ціни на підакцизні товари (продукцію) (дата запровадження з 15 числа місяця),"Наказ Міністерства фінансів України від 2015-03-25 № 359, зареєстрованого в Міністерстві юстиції України 2015-04-14 за № 413/26858 (у редакції наказу Міністерства фінансів України від 2021-04-15 № 218), із змінами внесеними наказом Міністерства фінансів України від 2024-09-09 № 433, зареєстрованого в Міністерстві юстиції України 2024-09-24 за № 1439/42784",Ф,щомісячно не пізніше ніж 10 число місця запровадження ціни,місяць
103,F0210904,NULL,Заявка на поповнення (коригування) залишку пального,"Наказ Міністерства фінансів України від 2020-11-27 № 729, зареєстрований у Міністерстві юстиції України 2020-12-14 за № 1241/35524 (зі змінами внесеними наказом Міністерства фінансів України від 2023-02-01 № 55, зареєстрованим у Міністерстві юстиції України 2023-03-21 за № 480/39536)",Ф,місяць без терміна подання,місяць
104,F0209903,NULL,Заявка на поповнення (коригування) залишку спирту етилового,"Наказ Міністерства фінансів України від 2020-11-27 № 729, зареєстрований у Міністерстві юстиції України 2020-12-14 за № 1241/35524 (зі змінами внесеними наказом Міністерства фінансів України від 2023-02-01 № 55, зареєстрованим у Міністерстві юстиції України 2023-03-21 за № 480/39536)",Ф,місяць без терміна подання,місяць
105,F1203203,NULL,"Акцизна накладна форми ""П""","Наказ Міністерства фінансів України від 2020-11-27 № 729, зареєстрований у Міністерстві юстиції України 2020-12-14 за № 1241/35524 (зі змінами внесеними наказом Міністерства фінансів України від 2023-02-01 № 55, зареєстрованим у Міністерстві юстиції України 2023-03-21 за № 480/39536)",Ф,"не пізніше 15 календарних днів наступних за датою їх складання, з урахуванням термінів, які визначені п. 231.6 ст. 231 Податкового кодексу",місяць
106,F1203303,NULL,"Розрахунок коригування акцизної накладної форми ""П""","Наказ Міністерства фінансів України від 2020-11-27 № 729, зареєстрований у Міністерстві юстиції України 2020-12-14 за № 1241/35524 (зі змінами внесеними наказом Міністерства фінансів України від 2023-02-01 № 55, зареєстрованим у Міністерстві юстиції України 2023-03-21 за № 480/39536)",Ф,"не пізніше 15 календарних днів наступних за датою їх складання, з урахуванням термінів, які визначені п. 231.6 ст. 231 Податкового кодексу",місяць
107,F1203403,NULL,"Акцизна накладна форми ""С""","Наказ Міністерства фінансів України від 2020-11-27 № 729, зареєстрований у Міністерстві юстиції України 2020-12-14 за № 1241/35524 (зі змінами внесеними наказом Міністерства фінансів України від 2023-02-01 № 55, зареєстрованим у Міністерстві юстиції України 2023-03-21 за № 480/39536)",Ф,"не пізніше 15 календарних днів наступних за датою їх складання, з урахуванням термінів, які визначені п. 231.6 ст. 231 Податкового кодексу",місяць
108,F1203503,NULL,"Розрахунок коригування акцизної накладної форми ""С""","Наказ Міністерства фінансів України від 2020-11-27 № 729, зареєстрований у Міністерстві юстиції України 2020-12-14 за № 1241/35524 (зі змінами внесеними наказом Міністерства фінансів України від 2023-02-01 № 55, зареєстрованим у Міністерстві юстиції України 2023-03-21 за № 480/39536)",Ф,"не пізніше 15 календарних днів наступних за датою їх складання, з урахуванням термінів, які визначені п. 231.6 ст. 231 Податкового кодексу",місяць
109,F0210301,NULL,"Довідка про розпорядника акцизного складу пального, акцизні склади пального, розташовані на них резервуари пального, витратоміри та рівнеміри","Наказ Мiнiстерства фiнансiв України вiд 2019-06-18 № 248, зареєстрований в Міністерстві юстиції України 27 червня 2019 р. за № 676/33647",Ф,відповідно до вимог наказу Міністерства фінансів України від 27 листопада 2018 року № 944 ( у редакції наказу Міністерства фінансів України від 18 червня 2019 року № 248),місяць
110,F0210401,NULL,Довідка про зведені за добу підсумкові облікові дані щодо обсягів обігу (отримання/відпуску) та залишків пального на акцизному складі пального,"Наказ Мiнiстерства фiнансiв України вiд 2019-06-18 № 248, зареєстрований в Міністерстві юстиції України 27 червня 2019 р. за № 676/33647",Ф,відповідно до вимог наказу Міністерства фінансів України від 27 листопада 2018 року № 944 ( у редакції наказу Міністерства фінансів України від 18 червня 2019 року № 248),місяць
111,F0210501,NULL,Акт інвентаризації обсягів залишку спирту етилового станом на початок дня 01 липня 2019 року,"Наказ Міністерства фінансів України від 2019-07-09 № 291 ""Про затвердження форми акта проведення інвентаризації обсягів залишку спирту етилового, Порядку його заповнення та подання""",Ф,до 2019-07-22 включно,місяць
112,F0210602,NULL,Довідка про витратоміри-лічильники обсягу виробленого спирту етилового та/або обсягу виробленої продукції,"Наказ Міністерства фінансів України від 2021-01-27 № 43, зареєстрований в Міністерстві юстиції України 2021-04-01 за № 425/36047",Ф,NULL,NULL
113,F0210702,NULL,Довідка про зведені за добу підсумкові облікові дані щодо обсягів обігу (отримання/відпуску) та залишків спирту на акцизному складі виробника спирту та/або виробника окремих видів продукції,"Наказ Міністерства фінансів України від 2021-01-27 № 43, зареєстрований в Міністерстві юстиції України 2021-04-01 за № 425/36047",Ф,NULL,NULL
114,F0211001,NULL,"Звіт про обсяги імпорту неферментованої (непереробленої) тютюнової сировини, обсяги придбаної тютюнової сировини в осіб, які виробляють тютюнову сировину на митній території України, обсяги виробництва, реалізації виробникам тютюнових виробів та експорту ферментованої (переробленої) тютюнової сировини","Наказ Міністерства фінансів України від 2022-09-07 № 271, зареєстрованого у Міністерстві юстиції України 2022-09-29 за № 1144/38480",Ф,"щомісячно протягом 20 днів, наступних за звітним місяцем",місяць
115,F0301209,F0311209,Податкова декларація збору за місця для паркування транспортних засобів,"Наказ Міністерства фінансів України від 2015-07-09 № 636, зареєстрованого в Міністерстві юстиції України 2015-07-29 за № 912/27357 (у редакції наказу Міністерства фінансів України від 2023-10-06 № 528, зареєстрованого у Міністерстві юстиції 2023-10-20 за № 1841/40897)",Ф,"протягом 40 календарних днів, що настають за останнім календарним днем звітного (податкового) кварталу","квартал, півріччя. 9-місяців, рік"
116,F0302006,"F0320106, F0320206, F0320306, F0320406, F0320506, F0320606",Податкова декларація екологічного податку,"Наказ Міністерства фінансів України від 2015-08-17 № 715, зареєстрований у Міністерстві юстиції України 2015-09-03 за № 1052/27497 (зі змінами, внесеними наказом Міністерства фінансів України від 2023-09-07 № 488, зареєстрованим у Міністерстві юстиції України 2023-09-25 за № 1666/40722)",Ф,щоквартально протягом 40 днів після звітного кварталу,"1-й, 2-й, 3-й та 4-й квартал"
117,F0303507,F0313507,Податкова декларація з туристичного збору,"Наказ Міністерства фінансів України від 2015-07-09 № 636, зареєстрований в Міністерстві юстиції України 2015-07-29 за № 912/27357 (у редакції наказу Міністерства фінансів України від 2023-09-20 № 506, зареєстрованого в Міністерстві юстиції України 2023-10-04 за №1742/40798)",Ф,щоквартально протягом 40 днів після звітного кварталу,"1-й, 2-й, 3-й та 4-й квартал"
118,F0500110,"F0510110, F0510410, F0510510, F0510610","Податковий розрахунок сум доходу, нарахованого (сплаченого) на користь платників податків - фізичних осіб, і сум утриманого з них податку, а також сум нарахованого єдиного внеску","Наказ Міністерства фінансів України від 2015-01-13 № 4, зареєстрований в Міністерстві юстиції України 30 січня 2015 р. за № 111/26556 (із змінами)",Ф,"щомісячно, протягом 20 календарних днів, що настають за останнім календарним днем звітного (податкового) місяця",місяць
119,F0500111,"F0510111, F0510411, F0510511, F0510611","Податковий розрахунок сум доходу, нарахованого (сплаченого) на користь платників податків - фізичних осіб, і сум утриманого з них податку, а також сум нарахованого єдиного внеску для податкових агентів, які є фізичними осібами-підприємцями та/або осібами, які провадять незалежну професійну діяльність (проєкт для розробників)","Наказ Міністерства фінансів України від 2026-05-07 № 243, зареєстрований в Міністерстві юстиції України 26 травня 2026 р. за № 751/46145.2026 (із змінами, внесеними наказом Міністерства фінансів України від 2026-05-26 № 284)",Ф,щоквартально протягом 40 днів після звітного кварталу,"1-й, 2-й, 3-й та 4-й квартал"
120,F0500203,NULL,Звіт про використання книг обліку розрахункових операцій (розрахункових книжок),"Наказ Міністерства фінансів України від 2016-01-21 №13, зареєстрований в Міністерстві юстиції України 2016-02-11 за № 220/28350",Ф,"щомісячно, протягом 15 днів після закінчення звітного періоду",місяць
121,F0525002,NULL,Довідка про використані розрахункові книжки за ______ місяць __ року,"Наказ Міністерства фінансів України від 2016-01-21 №13, зареєстрований в Міністерстві юстиції України 2016-02-11 за № 220/28350",Ф,"щомісячно, протягом 15 днів після закінчення звітного періоду",місяць
122,F0500602,NULL,"ІНФОРМАЦІЯ суб'єктів господарювання, які провадять посередницьку діяльність, пов'язану з наданням послуг з оренди нерухомості (рієлтерів), про укладені за їх посередництвом цивільно-правові договори (угоди)","Наказ Міністерства фінансів України від 2017-05-13 № 497, зареєстрований в Міністерстві юстиції України 2017-06-08 за № 700/30568",Ф,щоквартально протягом 40 днів після звітного кварталу,"1-й, 2-й, 3-й квартал, рік"
123,F0600502,NULL,Звiт про використання води. Форма N 2-ТП (Водгосп),"Наказ Міністерства екології та природних ресурсів України від 2015-03-16 № 78, зареєстрований в Міністерстві юстиції України 03 квітня 2015 р. за N 382/26827",Ф,в термін до 40 днів після ІV кварталу,рік
124,F0602008,NULL,Податкова декларація з плати за землю (земельний податок та/або орендна плата за земельні ділянки державної або комунальної власності),"наказ Мiнiстерства фiнансiв України вiд 2015-06-16 № 560 зі змінами, внесеними наказом Мiнiстерства фiнансiв України вiд 2023-09-26 № 520, зареєстрованим в Мiнiстерствi юстицiї України 2023-10-10 за №1771/40827",Ф,"не пізніше 20 лютого, в терміни подання місячної звітності","рік, місяць"
125,F0800108,"F0810108, F0810208, F0810308, F0810508, F0810608, F0810708, F0810808, F0810908",Податкова декларація з рентної плати (квартальна),"Наказ Міністерства фінансів України від 2023-09-07 № 487, зареєстрованого в Міністерстві юстиції України 2023-09-21 за № 1665/40721",Ф,щоквартально протягом 40 днів після звітного кварталу,"1-й, 2-й, 3-й та 4-й квартал"
126,F0800207,"F0820207, F0820407, F0821007, F0821107",Податкова декларація з рентної плати (місячна ),"Наказ Міністерства фінансів України від 2023-09-07 № 487, зареєстрованого в Міністерстві юстиції України 2023-09-21 за № 1665/40721",Ф,"щомісячно до 20 числа місяця, наступного за звітним",місяць
127,F1201016,"F1201116, F1201216",Податкова накладна,"Наказ Міністерства фінансів України від 2015-12-31 № 1307 (із змінами, внесеними наказом Міністерства фінансів України від 2024-08-09 № 400)",Ф,"не пізніше 15 календарних днів наступних за датою їх складання. На період дії воєнного стану граничні строки реєстрації ПН/РК в ЄРПН визначено п.89 підрозд.2 розд. XX ""Перехідні положення"" ПКУ",місяць
128,F1211001,"F1211101, F1211201","Податкова накладна (складена за операціями з вивезення за межі митної території України товарів, до яких застосовано режим експортного забезпечення)","Наказ Міністерства фінансів України від 2015-12-31 № 1307 (із змінами, внесеними наказом Міністерства фінансів України від 2024-08-09 № 400)",Ф,"не пізніше 15 календарних днів наступних за датою їх складання. На період дії воєнного стану граничні строки реєстрації ПН/РК в ЄРПН визначено п.89 підрозд.2 розд. XX ""Перехідні положення"" ПКУ",місяць
129,F1204101,NULL,Товарно-транспортна накладна на переміщення спирту етилового,"Наказ Міністерства транспорту та зв'язку України від 2005-04-28 № 154, зареєстрований в Міністерстві юстиції України 2005-07-28 за № 817/11097 із змінами і доповненнями, внесеними наказом Міністерства інфраструктури України від 2013-09-02 № 657",Ф,по мірі необхідності,місяць
130,F1204201,NULL,Товарно-транспортна накладна на переміщення алкогольних напоїв,"Наказ Міністерства транспорту та зв'язку України від 2005-04-28 № 154, зареєстрований в Міністерстві юстиції України 2005-07-28 за № 817/11097 із змінами і доповненнями, внесеними наказом Міністерства інфраструктури України від 2013-09-02 № 657",Ф,по мірі необхідності,місяць
131,F3001005,NULL,Повідомлення про прийняття працівника (домашнього працівника) на роботу/укладення гіг-контракту,"Постанова Кабінету Міністрів України від 17 червня 2015 року № 413(із змінами, внесеними згідно з постановою Кабінету Міністрів України від 2025-02-21 р. № 184)",Ф,по мірі необхідності,місяць
132,F3001101,NULL,Повідомлення про припинення трудового договору з домашнім працівником,"Постанова Кабінету Міністрів України від 17 червня 2015 року № 413 (із змінами, внесеними згідно з постановою Кабінету Міністрів України від 2024-08-23 р. № 967)",Ф,по мірі необхідності,місяць
133,J0900108,NULL,Баланс (Звіт про фінансовий стан),"Наказ Міністерства фінансів України від 2013-02-07 №73, зареєстрований у Міністерстві юстиції України 2013-02-28 №336/22868, iз змiнами вiд 2013-06-27 № 627",Ю,у терміни подання декларації з податку на прибуток,"І квартал, півріччя, три квартали, рік"
134,J0900207,NULL,Звіт про фінансові результати (Звіт про сукупний дохід),"Наказ Міністерства фінансів України від 2013-02-07 №73, зареєстрований у Міністерстві юстиції України 2013-02-28 №336/22868, iз змiнами вiд 2013-06-27 № 627",Ю,у терміни подання декларації з податку на прибуток,"І квартал, півріччя, три квартали, рік"
135,J0900904,NULL,Звіт про рух грошових коштів (за прямим методом),"Наказ Міністерства фінансів України від 2013-02-07 №73, зареєстрований у Міністерстві юстиції України 2013-02-28 №336/22868, iз змiнами вiд 2013-06-27 № 627",Ю,у терміни подання декларації з податку на прибуток,"І квартал, півріччя, три квартали, рік"
136,J0901602,NULL,Звіт про рух грошових коштів (за непрямим методом),"Наказ Міністерства фінансів України від 2013-02-07 №73, зареєстрований у Міністерстві юстиції України 2013-02-28 №336/22868, iз змiнами вiд 2013-06-27 № 627",Ю,у терміни подання декларації з податку на прибуток,"І квартал, півріччя, три квартали, рік"
137,J0901005,NULL,Звіт про власний капітал,"Наказ Міністерства фінансів України від 2013-02-07 №73, зареєстрований у Міністерстві юстиції України 2013-02-28 №336/22868, iз змiнами вiд 2013-06-27 № 627",Ю,у терміни подання декларації з податку на прибуток,"І квартал, півріччя, три квартали, рік"
138,J0901703,NULL,Консолідований баланс (Звіт про фінансовий стан),"Наказ Міністерства фінансів України від 2013-02-07 №73, зареєстрований у Міністерстві юстиції України 2013-02-28 №336/22868, iз змiнами вiд 2021-07-09 № 385",Ю,у терміни подання декларації з податку на прибуток,"І квартал, півріччя, три квартали, рік"
139,J0901801,NULL,Консолідований звіт про фінансові результати (Звіт про сукупний дохід),"Наказ Міністерства фінансів України від 2013-02-07 №73, зареєстрований у Міністерстві юстиції України 2013-02-28 №336/22868, iз змiнами вiд 2013-06-27 № 627",Ю,у терміни подання декларації з податку на прибуток,"І квартал, півріччя, три квартали, рік"
140,J0901902,NULL,Консолідований звіт про рух грошових коштів (за прямим методом),"Наказ Міністерства фінансів України від 2013-02-07 №73, зареєстрований у Міністерстві юстиції України 2013-02-28 №336/22868, iз змiнами вiд 2013-06-27 № 627",Ю,у терміни подання декларації з податку на прибуток,"І квартал, півріччя, три квартали, рік"
141,J0902002,NULL,Консолідований звіт про рух грошових коштів (за непрямим методом),"Наказ Міністерства фінансів України від 2013-02-07 №73, зареєстрований у Міністерстві юстиції України 2013-02-28 №336/22868, iз змiнами вiд 2013-06-27 № 627",Ю,у терміни подання декларації з податку на прибуток,"І квартал, півріччя, три квартали, рік"
142,J0902102,NULL,Консолідований звіт про власний капітал,"Наказ Міністерства фінансів України від 2013-02-07 №73, зареєстрований у Міністерстві юстиції України 2013-02-28 №336/22868, iз змiнами вiд 2013-06-27 № 627",Ю,у терміни подання декларації з податку на прибуток,"І квартал, півріччя, три квартали, рік"
143,J0902203,NULL,Звіт про фінансовий стан (Баланс),"Постанова Правління НБУ від 2011-10-24 № 373, зареєстрована у Міністерстві юстиції України 2011-11-10 за № 1288/20026 (у редакції постанови Правління Національного банку України від 04 квітня 2018 року № 34)",Ю,у терміни подання декларації з податку на прибуток,"І квартал, півріччя, три квартали, рік"
144,J0902303,NULL,Звіт про прибутки і збитки та інший сукупний дохід (Звіт про фінансові результати),"Постанова Правління НБУ від 2011-10-24 № 373, зареєстрована у Міністерстві юстиції України 2011-11-10 за № 1288/20026 (у редакції постанови Правління Національного банку України від 04 квітня 2018 року № 34)",Ю,у терміни подання декларації з податку на прибуток,рік
145,J0902402,NULL,Звіт про прибутки і збитки/Проміжний скорочений звіт про прибутки і збитки,"Постанова Правління НБУ від 2011-10-24 № 373, зареєстрована у Міністерстві юстиції України 2011-11-10 за № 1288/20026, iз змiнами і доповненнями, внесеними постановою Правління НБУ вiд 2017-03-31 № 28",Ю,у терміни подання декларації з податку на прибуток,"І квартал, півріччя, три квартали, рік"
146,J0902502,NULL,Звіт про сукупний дохід/Проміжний скорочений звіт про сукупний дохід,"Постанова Правління НБУ від 2011-10-24 № 373, зареєстрована у Міністерстві юстиції України 2011-11-10 за № 1288/20026, iз змiнами і доповненнями, внесеними постановою Правління НБУ вiд 2017-03-31 № 28",Ю,у терміни подання декларації з податку на прибуток,"І квартал, півріччя, три квартали, рік"
147,J0902603,NULL,Звіт про зміни у власному капіталі (Звіт про власний капітал),"Постанова Правління НБУ від 2011-10-24 № 373, зареєстрована у Міністерстві юстиції України 2011-11-10 за № 1288/20026 (у редакції постанови Правління Національного банку України від 04 квітня 2018 року № 34)",Ю,у терміни подання декларації з податку на прибуток,"І квартал, півріччя, три квартали, рік"
148,J0902703,NULL,Звіт про рух грошових коштів за прямим методом,"Постанова Правління НБУ від 2011-10-24 № 373, зареєстрована у Міністерстві юстиції України 2011-11-10 за № 1288/20026 (у редакції постанови Правління Національного банку України від 04 квітня 2018 року № 34)",Ю,у терміни подання декларації з податку на прибуток,"І квартал, півріччя, три квартали, рік"
149,J0902803,NULL,Звіт про рух грошових коштів за непрямим методом,"Постанова Правління НБУ від 2011-10-24 № 373, зареєстрована у Міністерстві юстиції України 2011-11-10 за № 1288/20026 (у редакції постанови Правління Національного банку України від 04 квітня 2018 року № 34)",Ю,у терміни подання декларації з податку на прибуток,"І квартал, півріччя, три квартали, рік"
150,J0903203,NULL,Баланс (форма № 1-дс) Додаток 1 до Національного положення (стандарту) бухгалтерського обліку в державному секторі 101 «Подання фінансової звітності»,"Наказ Мiнiстерства фiнансiв України вiд 2009-12-28 № 1541, зареєстрований в Мiнiстерствi юстицiї України 2010-01-28 за № 103/17398 із змінами від 2015-12-29 № 1219, від 2016-12-23 № 1135, від 2017-02-28 №307, вiд 2017-11-29 № 976 (у редакції наказу Міністерства фінансів України від 2018-11-27 № 940)",Ю,у терміни подання декларації з податку на прибуток,"квартал, півріччя, 9-місяців, рік"
151,J0903303,NULL,Звіт про фінансові результати (форма № 2-дс) Додаток 2 до Національного положення (стандарту) бухгалтерського обліку в державному секторі 101 «Подання фінансової звітності»,"Наказ Мiнiстерства фiнансiв України вiд 2009-12-28 № 1541, зареєстрований в Мiнiстерствi юстицiї України 2010-01-28 за № 103/17398 із змінами від 2015-12-29 № 1219, від 2016-12-23 № 1135, від 2017-02-28 №307, вiд 2017-11-29 № 976 (у редакції наказу Міністерства фінансів України від 2018-11-27 № 940)",Ю,у терміни подання декларації з податку на прибуток,"квартал, півріччя. 9-місяців, рік"
152,J0903403,NULL,Звіт про рух грошових коштів (форма № 3-дс) Додаток 3 до Національного положення (стандарту) бухгалтерського обліку в державному секторі 101 «Подання фінансової звітності»,"Наказ Мiнiстерства фiнансiв України вiд 2009-12-28 № 1541, зареєстрований в Мiнiстерствi юстицiї України 2010-01-28 за № 103/17398 із змінами від 2015-12-29 № 1219, від 2016-12-23 № 1135, від 2017-02-28 №307, вiд 2017-11-29 № 976 (у редакції наказу Міністерства фінансів України від 2018-11-27 № 940)",Ю,у терміни подання декларації з податку на прибуток,"квартал, півріччя. 9-місяців, рік"
153,J0903502,NULL,Звіт про власний капітал (форма № 4-дс) Додаток 4 до Національного положення (стандарту) бухгалтерського обліку в державному секторі 101 «Подання фінансової звітності» (наказ Міністерства фінансів України від 2017-11-29 № 976),"Наказ Мiнiстерства фiнансiв України вiд 2009-12-28 № 1541, зареєстрований в Мiнiстерствi юстицiї України 2010-01-28 за № 103/17398 із змінами від 2015-12-29 № 1219, від 2016-12-23 № 1135, від 2017-02-28 №307, вiд 2017-11-29 № 976",Ю,у терміни подання декларації з податку на прибуток,"квартал, півріччя. 9-місяців, рік"
154,J0903603,NULL,Примітки до річної фінансової звітності (форма № 5-дс),"Наказ Міністерства фінансів України від 2017-11-29 № 977, зареєстрований в Міністерстві юстиції України 2017-12-20 за № 1539/31407 (у редакції наказу Міністерства фінансів України від 20 листопада 2025 року № 586)",Ю,у терміни подання декларації з податку на прибуток,рік
155,J0903701,NULL,Проміжний скорочений звіт про прибутки і збитки та інший сукупний дохід (Звіт про фінансові результати),"Постанова Правління НБУ від 2011-10-24 № 373, зареєстрована у Міністерстві юстиції України 2011-11-10 за № 1288/20026 (у редакції постанови Правління Національного банку України від 04 квітня 2018 року № 34)",Ю,у терміни подання декларації з податку на прибуток,"І квартал, півріччя, три квартали, рік"
156,J0901107,NULL,Фінансова звітність малого підприємства,"Наказ Міністерства фінансів України від 2000-02-25 № 39, зареєстрований в Мiнiстерствi юстицiї України 2000-03-15 за № 161/4382 (із змінами і доповненнями, внесеними наказом Міністерства фінансів України від 2020-09-29 № 588)",Ю,у терміни подання декларації з податку на прибуток,"І квартал, півріччя, три квартали, рік"
157,J0901205,NULL,Фінансова звітність мікропідприємства,"Наказ Міністерства фінансів України від 2000-02-25 № 39, зареєстрований в Мiнiстерствi юстицiї України 2000-03-15 за № 161/4382 (із змінами і доповненнями, внесеними наказом Міністерства фінансів України від 2020-09-29 № 588)",Ю,у терміни подання декларації з податку на прибуток,"І квартал, півріччя, три квартали, рік"
158,J0901301,NULL,Примітки до річної фінансової звітності,"Наказ Міністерства фінансів України від 2000-11-29 № 302, зареєстрований в Мiнiстерствi юстицiї України 2000-12-11 за № 904/5125, із змінами від 9.12.2011 № 1591 (у редакції наказу Міністерства фінансів України від 2003-10-28 № 602 (із змінами, внесеними наказом Міністерства фінансів України від 2014-02-08 № 48)",Ю,у терміни подання декларації з податку на прибуток,рік
